{
  "total_samples": 1206,
  "training_samples": 964,
  "validation_samples": 242,
  "image_size": [
    256,
    256
  ],
  "epochs_configured": 50,
  "epochs_completed": 29,
  "batch_size": 8,
  "learning_rate": 0.0001,
  "validation_split": 0.2,
  "best_val_loss": 0.026571569964289665,
  "best_val_dice": 0.9855303764343262,
  "best_val_iou": 0.9715031981468201
}