{
  "total_samples": 1206,
  "training_samples": 964,
  "validation_samples": 242,
  "image_size": [
    256,
    256
  ],
  "epochs_configured": 50,
  "epochs_completed": 50,
  "batch_size": 16,
  "learning_rate": 0.0001,
  "validation_split": 0.2,
  "best_val_loss": 0.04412487894296646,
  "best_val_dice": 0.9872645139694214,
  "best_val_iou": 0.9748716354370117
}