{
  "total_samples": 1355,
  "training_samples": 1084,
  "validation_samples": 271,
  "image_size": [
    256,
    256
  ],
  "epochs_configured": 50,
  "epochs_completed": 50,
  "batch_size": 16,
  "learning_rate": 0.0001,
  "validation_split": 0.2,
  "best_val_loss": 0.029602259397506714,
  "best_val_dice": 0.9853867888450623,
  "best_val_iou": 0.9712119102478027
}