{
  "dice": 0.9871761789191513,
  "iou": 0.9746770942508786,
  "accuracy": 0.9900261114451511,
  "sensitivity": 0.9856589864496589,
  "specificity": 0.9928121088050796,
  "intersection": 6088454.0,
  "union": 6246637.0
}