{
  "dice": 0.9883648525867593,
  "iou": 0.9769973444616058,
  "accuracy": 0.9907418243155992,
  "sensitivity": 0.9891411355779931,
  "specificity": 0.9917980637410437,
  "intersection": 6236431.0,
  "union": 6383263.0
}