{
  "dice": 0.9880037592979141,
  "iou": 0.9762919263538716,
  "accuracy": 0.9906422638696087,
  "sensitivity": 0.9893937855985708,
  "specificity": 0.9914387277149614,
  "intersection": 6111524.0,
  "union": 6259935.0
}